epoch,loss,val_loss
0,0.0114352438942,0.0137575478724
