epoch,loss,val_loss
0,0.0119494542427,0.0115583630613
1,0.00821439732157,0.0119516166847
2,0.00698355709843,0.0122013146068
3,0.00583912824281,0.011646969981
4,0.00537924538541,0.0133411364515
